<!DOCTYPE hibernate-configuration PUBLIC
        "-//Hibernate/Hibernate Configuration DTD 3.0//EN"
        "http://www.hibernate.org/dtd/hibernate-configuration-3.0.dtd">
<hibernate-configuration>
<session-factory>

        <property name="hibernate.hbm2ddl.auto"> update </property>
       
         <!-- Information to connect to database -->
        <property name="connection.driver_class">com.mysql.cj.jdbc.Driver</property>
        <property name="connection.url">jdbc:mysql://localhost:3306/SMSdb?createDatabaseIfNotExist=true</property>
        <property name="connection.username">root</property>
        <property name="connection.password">password</property>

<!--I was having an issue generating the Student table with the dialect in the provided cfg so I tried using MySQL8Dialect-->
        <property name="dialect">org.hibernate.dialect.MySQL8Dialect</property>
        
        <property name="hibernate.show_sql" >true </property>
        <property name="hibernate.format_sql" >true </property>

   <!--  For Mapping Entites  -->
      <mapping class="com.Tesoriero.SMS.jpa.entitymodels.Student"/> 
      <mapping class="com.Tesoriero.SMS.jpa.entitymodels.Course"/> 

    </session-factory>  
</hibernate-configuration>  